INSERT INTO Recette(id,nom,photo) VALUES(1,'Soupe d''automne à la courge butternut','recette_1.jpg');
INSERT INTO Recette(id,nom,photo) VALUES(2,'Soupe de légumes poireau carotte navet céleri','recette_2.jpg');
INSERT INTO Recette(id,nom,photo) VALUES(3,'Carottes, pommes de terre, navets en épices','recette_3.jpg');
INSERT INTO Recette(id,nom,photo) VALUES(4,'Pot-au-feu bourgeois','recette_4.jpg');
INSERT INTO Recette(id,nom,photo) VALUES(5,'Velouté poireaux carottes et pommes de terre','recette_5.jpg');
INSERT INTO Recette(id,nom,photo) VALUES(6,'Jus de clémentine, citron et jus d''orange','recette_6.jpg');
INSERT INTO Recette(id,nom,photo) VALUES(7,'Granité de poires au citron ','recette_7.jpg');
INSERT INTO Recette(id,nom,photo) VALUES(8,'Muffins poire et chocolat Noir Absolu','recette_8.jpg');
INSERT INTO Etape_Recette(id,etape,recette_id) VALUES(1,'Faire revenir ensemble dans une cocotte, avec une cuillère d''huile d''olive, l''oignon, le céleri et le navet émincés. ',1);
INSERT INTO Etape_Recette(id,etape,recette_id) VALUES(2,'Faire revenir ensemble dans une poêle haute, carottes, courge et pomme de terre, épluchées et coupées en petites cubes. Dès que c''est grillé, verser ces légumes dans la cocotte. ',1);
INSERT INTO Etape_Recette(id,etape,recette_id) VALUES(3,'Verser 1.25 litre d''eau froide. ',1);
INSERT INTO Etape_Recette(id,etape,recette_id) VALUES(4,'Ajouter le bouillon cube et une petite cuillerée de cumin.',1);
INSERT INTO Etape_Recette(id,etape,recette_id) VALUES(5,'Dès le bouillonnement de l''eau, baisser le feu et laisser cuire 20, 25 min. ',1);
INSERT INTO Etape_Recette(id,etape,recette_id) VALUES(6,'En cours de cuisson, ajouter une poignée de persil frisé émincé.',1);
INSERT INTO Etape_Recette(id,etape,recette_id) VALUES(7,'En fin de cuisson, mixer le tout et vérifier l''assaisonnement. ',1);
INSERT INTO Etape_Recette(id,etape,recette_id) VALUES(8,'Détailler les carottes en rondelles, les navets en quartiers, les poireaux en tronçons, les oignons en morceaux et le céleri en dés.',2);
INSERT INTO Etape_Recette(id,etape,recette_id) VALUES(9,'Les disposer dans une grande marmite, saler et couvrir d''eau froide.',2);
INSERT INTO Etape_Recette(id,etape,recette_id) VALUES(10,'Amener à ébullition et laisser cuire à petits frémissements durant 45 minutes.',2);
INSERT INTO Etape_Recette(id,etape,recette_id) VALUES(11,'Mixer la soupe et servir bien chaud, éventuellement avec une cuillère de crème.',2);
INSERT INTO Etape_Recette(id,etape,recette_id) VALUES(12,'Faire cuire les pommes de terre, les carottes et le navet à l''eau.',3);
INSERT INTO Etape_Recette(id,etape,recette_id) VALUES(13,'Couper les oignons en fines lamelles, les pommes de terre, les carottes et le navet en rondelles.',3);
INSERT INTO Etape_Recette(id,etape,recette_id) VALUES(14,'Faire revenir les oignons dans de l''huile d''olive. Y verser ensuite les pommes de terre, carottes et navet. Couvrir et faire cuire à feu doux 5 à 7 min pour colorer les légumes.',3);
INSERT INTO Etape_Recette(id,etape,recette_id) VALUES(15,'Verser ensuite le vin blanc, les clous de girofles et le sucre.',3);
INSERT INTO Etape_Recette(id,etape,recette_id) VALUES(16,'Attendre encore 5 min environ avant de verser 1/2 cuillère à café de cumin et 1/2 cuillère à café de quatre épices. Faire cuire encore 5 min.',3);
INSERT INTO Etape_Recette(id,etape,recette_id) VALUES(17,'Puis verser de la coriandre séchée (ou fraiche c''est encore mieux), saler poivrer. ',3);
INSERT INTO Etape_Recette(id,etape,recette_id) VALUES(18,'Ficeler la viande. enfermer les os dans une étamine (torchon) mettre dans une grande cocotte, couvrir d''eau froide, saler, ajouter le bouquet garni, ail, oignons clouté de clous de girofle, cuire (à frémissement) en écumant souvent pendant 3h30. Retirer les os au bout d''une heure, les plonger dans l''eau froide.',4);
INSERT INTO Etape_Recette(id,etape,recette_id) VALUES(19,'Eplucher et couper tous les légumes, les blanchir 5 mn séparément, égoutter. Cuire séparément tous les légumes avec du bouillon de pot-au-feu. Cuire des pommes de terre (épluchées) à la vapeur.',4);
INSERT INTO Etape_Recette(id,etape,recette_id) VALUES(20,'Couper la moelle en tranches.',4);
INSERT INTO Etape_Recette(id,etape,recette_id) VALUES(21,'Servir la viande coupée en tranches surmontée des tranches de moelle avec les légumes et pommes de terre autour.',4);
INSERT INTO Etape_Recette(id,etape,recette_id) VALUES(22,'Eplucher vos légumes. Faire revenir les blancs de poireaux coupés en tronçons et l''oignon hâché dans du beurre dans une cocotte.',5);
INSERT INTO Etape_Recette(id,etape,recette_id) VALUES(23,'Ajouter progressivement en remuant les pommes de terre en petits cubes, la carotte en rondelle, le persil hâché.',5);
INSERT INTO Etape_Recette(id,etape,recette_id) VALUES(24,'Recouvrir d''eau et y ajouter le cube. Laisser mijoter (lorsque la carotte est cuite, c''est bon!)',5);
INSERT INTO Etape_Recette(id,etape,recette_id) VALUES(25,'Pressez tous les fruit et passez-les à la passette pour enlever la pulpe ou laissez-le tel quel.',6);
INSERT INTO Etape_Recette(id,etape,recette_id) VALUES(26,'Mixez les poires avec le jus de citron.',7);
INSERT INTO Etape_Recette(id,etape,recette_id) VALUES(27,'Taillez des zestes dans les écorces des citrons verts. Blanchissez les zestes pour cela faites bouillir un peu d''eau dans une casserole, versez-y les zestes et faites bouillir 30 sec. Rincez immédiatement à l''eau froide. Recommencez le processus. Réservez au congélateur.',7);
INSERT INTO Etape_Recette(id,etape,recette_id) VALUES(28,'Faites cuire à feu doux les ¾ du sirop de poire avec la badiane et les feuilles de menthe pendant 5 min. Passez le jus et laissez tiédir. Ajoutez-y les poires mixées.',7);
INSERT INTO Etape_Recette(id,etape,recette_id) VALUES(29,'Versez dans un moule large et plat (à défaut un moule à tarte en porcelaine) sur une hauteur de 1 à 2 cm de haut. Mettez au congélateur ½ h. Grattez avec une fourchette pour récupérer le granité, stockez le granité récupéré au congélateur et recommencez tous les ½ h pendant 2 h.',7);
INSERT INTO Etape_Recette(id,etape,recette_id) VALUES(30,'Préchauffez votre four en mode traditionnel thermostat 7/8 (200°C).',8);
INSERT INTO Etape_Recette(id,etape,recette_id) VALUES(31,'Pelez la poire et coupez-la en dés.',8);
INSERT INTO Etape_Recette(id,etape,recette_id) VALUES(32,'Concassez le chocolat en pépites.',8);
INSERT INTO Etape_Recette(id,etape,recette_id) VALUES(33,'Mélangez les œufs, le sucre, la farine, l’huile, le yaourt et la levure.',8);
INSERT INTO Etape_Recette(id,etape,recette_id) VALUES(34,'Ajoutez les dés de poire et mélangez bien.',8);
INSERT INTO Etape_Recette(id,etape,recette_id) VALUES(35,'Versez dans 6 moules à muffins beurrés et farinés.',8);
INSERT INTO Etape_Recette(id,etape,recette_id) VALUES(36,'Répartissez dessus les pépites en les enfonçant un peu.',8);
INSERT INTO Etape_Recette(id,etape,recette_id) VALUES(37,'Faites cuire 18 minutes. ',8);
INSERT INTO Ingredient(id,nom) VALUES(1,'Ail');
INSERT INTO Ingredient(id,nom) VALUES(2,'Carotte');
INSERT INTO Ingredient(id,nom) VALUES(3,'Celeri rave');
INSERT INTO Ingredient(id,nom) VALUES(4,'Chou rouge');
INSERT INTO Ingredient(id,nom) VALUES(5,'Chou vert');
INSERT INTO Ingredient(id,nom) VALUES(6,'Ciboulette fraîche');
INSERT INTO Ingredient(id,nom) VALUES(7,'Citron jaune');
INSERT INTO Ingredient(id,nom) VALUES(8,'Clémentine');
INSERT INTO Ingredient(id,nom) VALUES(9,'Courge butternut');
INSERT INTO Ingredient(id,nom) VALUES(10,'Endive');
INSERT INTO Ingredient(id,nom) VALUES(11,'Kiwi');
INSERT INTO Ingredient(id,nom) VALUES(12,'Laitue');
INSERT INTO Ingredient(id,nom) VALUES(13,'Laurier sec');
INSERT INTO Ingredient(id,nom) VALUES(14,'Navet');
INSERT INTO Ingredient(id,nom) VALUES(15,'Oignon en botte');
INSERT INTO Ingredient(id,nom) VALUES(16,'Oignon jaune');
INSERT INTO Ingredient(id,nom) VALUES(17,'Oignon rouge');
INSERT INTO Ingredient(id,nom) VALUES(18,'Orange');
INSERT INTO Ingredient(id,nom) VALUES(19,'Panais');
INSERT INTO Ingredient(id,nom) VALUES(20,'Persil frisé');
INSERT INTO Ingredient(id,nom) VALUES(21,'Poire');
INSERT INTO Ingredient(id,nom) VALUES(22,'Poireau');
INSERT INTO Ingredient(id,nom) VALUES(23,'Pomme Canada');
INSERT INTO Ingredient(id,nom) VALUES(24,'Pomme Chanteclerc');
INSERT INTO Ingredient(id,nom) VALUES(25,'Pomme de terre blanche');
INSERT INTO Ingredient(id,nom) VALUES(26,'Pomme de terre rouge');
INSERT INTO Ingredient(id,nom) VALUES(27,'Pomme Golden');
INSERT INTO Ingredient(id,nom) VALUES(28,'Salade Batavia');
INSERT INTO Ingredient(id,nom) VALUES(29,'Salade coeur de romaine');
INSERT INTO Ingredient(id,nom) VALUES(30,'Thym sec');
INSERT INTO Ingredient(id,nom) VALUES(31,'Cumin en poudre');
INSERT INTO Ingredient(id,nom) VALUES(32,'Cube bouillon pot au feu');
INSERT INTO Ingredient(id,nom) VALUES(33,'sel');
INSERT INTO Ingredient(id,nom) VALUES(34,'poivre');
INSERT INTO Ingredient(id,nom) VALUES(35,'clous de girofle ');
INSERT INTO Ingredient(id,nom) VALUES(36,'Coriandre séchée');
INSERT INTO Ingredient(id,nom) VALUES(37,'sucre roux');
INSERT INTO Ingredient(id,nom) VALUES(38,'Cumin en poudre');
INSERT INTO Ingredient(id,nom) VALUES(39,'Quatre-épices en poudre');
INSERT INTO Ingredient(id,nom) VALUES(40,'Vin blanc');
INSERT INTO Ingredient(id,nom) VALUES(41,'Macreuse');
INSERT INTO Ingredient(id,nom) VALUES(42,'Gîte');
INSERT INTO Ingredient(id,nom) VALUES(43,'Plat de côte');
INSERT INTO Ingredient(id,nom) VALUES(44,'Huile d''olive');
INSERT INTO Ingredient(id,nom) VALUES(45,'Badiane');
INSERT INTO Ingredient(id,nom) VALUES(46,'Feuille de menthe');
INSERT INTO Ingredient(id,nom) VALUES(47,'Tablette de chocolat');
INSERT INTO Ingredient(id,nom) VALUES(48,'Oeufs');
INSERT INTO Ingredient(id,nom) VALUES(49,'Farine');
INSERT INTO Ingredient(id,nom) VALUES(50,'Yaourt');
INSERT INTO Ingredient(id,nom) VALUES(51,'eau');
INSERT INTO Quantite_Ingredient(id,quantite,unite,recette_id,ingredient_id) VALUES(1,2,'',1,2);
INSERT INTO Quantite_Ingredient(id,quantite,unite,recette_id,ingredient_id) VALUES(2,1,'',1,9);
INSERT INTO Quantite_Ingredient(id,quantite,unite,recette_id,ingredient_id) VALUES(3,1,'',1,25);
INSERT INTO Quantite_Ingredient(id,quantite,unite,recette_id,ingredient_id) VALUES(4,1,'',1,16);
INSERT INTO Quantite_Ingredient(id,quantite,unite,recette_id,ingredient_id) VALUES(5,1,'',1,4);
INSERT INTO Quantite_Ingredient(id,quantite,unite,recette_id,ingredient_id) VALUES(6,1,'',1,14);
INSERT INTO Quantite_Ingredient(id,quantite,unite,recette_id,ingredient_id) VALUES(7,1,'',1,20);
INSERT INTO Quantite_Ingredient(id,quantite,unite,recette_id,ingredient_id) VALUES(8,1,'',1,25);
INSERT INTO Quantite_Ingredient(id,quantite,unite,recette_id,ingredient_id) VALUES(9,1,'',1,25);
INSERT INTO Quantite_Ingredient(id,quantite,unite,recette_id,ingredient_id) VALUES(10,350,'grammes de ',2,22);
INSERT INTO Quantite_Ingredient(id,quantite,unite,recette_id,ingredient_id) VALUES(11,350,'grammes de ',2,2);
INSERT INTO Quantite_Ingredient(id,quantite,unite,recette_id,ingredient_id) VALUES(12,350,'grammes de ',2,14);
INSERT INTO Quantite_Ingredient(id,quantite,unite,recette_id,ingredient_id) VALUES(13,350,'grammes de ',2,3);
INSERT INTO Quantite_Ingredient(id,quantite,unite,recette_id,ingredient_id) VALUES(14,3,'litres ',2,51);
INSERT INTO Quantite_Ingredient(id,quantite,unite,recette_id,ingredient_id) VALUES(15,0,'',2,33);
INSERT INTO Quantite_Ingredient(id,quantite,unite,recette_id,ingredient_id) VALUES(16,0,'',2,34);
INSERT INTO Quantite_Ingredient(id,quantite,unite,recette_id,ingredient_id) VALUES(17,4,'',3,26);
INSERT INTO Quantite_Ingredient(id,quantite,unite,recette_id,ingredient_id) VALUES(18,2,'',3,17);
INSERT INTO Quantite_Ingredient(id,quantite,unite,recette_id,ingredient_id) VALUES(19,3,'',3,2);
INSERT INTO Quantite_Ingredient(id,quantite,unite,recette_id,ingredient_id) VALUES(20,1,'',3,14);
INSERT INTO Quantite_Ingredient(id,quantite,unite,recette_id,ingredient_id) VALUES(21,5,'',3,35);
INSERT INTO Quantite_Ingredient(id,quantite,unite,recette_id,ingredient_id) VALUES(22,0,'',3,36);
INSERT INTO Quantite_Ingredient(id,quantite,unite,recette_id,ingredient_id) VALUES(23,4,'morceaux de ',3,37);
INSERT INTO Quantite_Ingredient(id,quantite,unite,recette_id,ingredient_id) VALUES(24,0,'',3,38);
INSERT INTO Quantite_Ingredient(id,quantite,unite,recette_id,ingredient_id) VALUES(25,0,'',3,39);
INSERT INTO Quantite_Ingredient(id,quantite,unite,recette_id,ingredient_id) VALUES(26,10,'cl',3,40);
INSERT INTO Quantite_Ingredient(id,quantite,unite,recette_id,ingredient_id) VALUES(27,1,'',4,2);
INSERT INTO Quantite_Ingredient(id,quantite,unite,recette_id,ingredient_id) VALUES(28,1,'',4,3);
INSERT INTO Quantite_Ingredient(id,quantite,unite,recette_id,ingredient_id) VALUES(29,1,'',4,5);
INSERT INTO Quantite_Ingredient(id,quantite,unite,recette_id,ingredient_id) VALUES(30,1,'',4,13);
INSERT INTO Quantite_Ingredient(id,quantite,unite,recette_id,ingredient_id) VALUES(31,1,'',4,14);
INSERT INTO Quantite_Ingredient(id,quantite,unite,recette_id,ingredient_id) VALUES(32,1,'',4,17);
INSERT INTO Quantite_Ingredient(id,quantite,unite,recette_id,ingredient_id) VALUES(33,1,'',4,20);
INSERT INTO Quantite_Ingredient(id,quantite,unite,recette_id,ingredient_id) VALUES(34,1,'',4,22);
INSERT INTO Quantite_Ingredient(id,quantite,unite,recette_id,ingredient_id) VALUES(35,1,'',4,26);
INSERT INTO Quantite_Ingredient(id,quantite,unite,recette_id,ingredient_id) VALUES(36,1,'',4,30);
INSERT INTO Quantite_Ingredient(id,quantite,unite,recette_id,ingredient_id) VALUES(37,0,'',4,35);
INSERT INTO Quantite_Ingredient(id,quantite,unite,recette_id,ingredient_id) VALUES(38,0,'',4,33);
INSERT INTO Quantite_Ingredient(id,quantite,unite,recette_id,ingredient_id) VALUES(39,0,'',4,34);
INSERT INTO Quantite_Ingredient(id,quantite,unite,recette_id,ingredient_id) VALUES(40,3,'',5,22);
INSERT INTO Quantite_Ingredient(id,quantite,unite,recette_id,ingredient_id) VALUES(41,3,'',5,25);
INSERT INTO Quantite_Ingredient(id,quantite,unite,recette_id,ingredient_id) VALUES(42,1,'',5,16);
INSERT INTO Quantite_Ingredient(id,quantite,unite,recette_id,ingredient_id) VALUES(43,1,'',5,2);
INSERT INTO Quantite_Ingredient(id,quantite,unite,recette_id,ingredient_id) VALUES(44,2,'cuillères ',5,44);
INSERT INTO Quantite_Ingredient(id,quantite,unite,recette_id,ingredient_id) VALUES(45,1,'',6,7);
INSERT INTO Quantite_Ingredient(id,quantite,unite,recette_id,ingredient_id) VALUES(46,1,'',6,8);
INSERT INTO Quantite_Ingredient(id,quantite,unite,recette_id,ingredient_id) VALUES(47,1,'',6,18);
INSERT INTO Quantite_Ingredient(id,quantite,unite,recette_id,ingredient_id) VALUES(48,6,'',7,21);
INSERT INTO Quantite_Ingredient(id,quantite,unite,recette_id,ingredient_id) VALUES(49,2,'',7,7);
INSERT INTO Quantite_Ingredient(id,quantite,unite,recette_id,ingredient_id) VALUES(50,1,'',8,47);
INSERT INTO Quantite_Ingredient(id,quantite,unite,recette_id,ingredient_id) VALUES(51,3,'',8,48);
INSERT INTO Quantite_Ingredient(id,quantite,unite,recette_id,ingredient_id) VALUES(52,1,'',8,21);
INSERT INTO Quantite_Ingredient(id,quantite,unite,recette_id,ingredient_id) VALUES(53,60,'grammes de ',8,37);
INSERT INTO Quantite_Ingredient(id,quantite,unite,recette_id,ingredient_id) VALUES(54,120,'grammes de ',8,49);
INSERT INTO Quantite_Ingredient(id,quantite,unite,recette_id,ingredient_id) VALUES(55,1,'',8,50);
INSERT INTO Quantite_Ingredient(id,quantite,unite,recette_id,ingredient_id) VALUES(56,2,'cuillères ',8,44);


